expected_senti_key,senti_mean,senti_max,senti_min,sentiword_set
-1.0,-0.15238704136363634,-0.1255791,-0.18968977,combination
-0.75,-0.1081956520909091,-0.08507451,-0.1254791,combination
-0.5,-0.06450213618181816,-0.044473676000000004,-0.08497451,combination
-0.25,-0.023318773999999997,-0.0029661655,-0.044373676,combination
0.0,0.0,0.0028661655,-0.0028661655,combination
0.25,0.023318774,0.044373676,0.0029661655,combination
0.5,0.06450213618181816,0.08497451,0.044473676000000004,combination
0.75,0.1081956520909091,0.1254791,0.08507451,combination
1.0,0.15238704136363637,0.18968977,0.1255791,combination
