expected_freq_key,pMW_mean,pMW_max,pMW_min
1,0.06409006030227114,0.1131440117415921,0.0226488023483184
2,0.187450008632026,0.3396320352247763,0.1132440117415921
3,0.6349495259263427,0.9880819144086236,0.3397320352247763
4,1.477809833564942,2.166298812357367,0.9881819144086236
5,3.4100212423949294,5.403310674382368,2.166398812357367
6,11.159054533143676,16.494141569193346,5.403410674382368
7,28.939440777391408,45.65179274894846,16.494241569193345
8,89.44073126468892,315.00198871610274,45.65189274894846
